{"cameraMode":{"drawMode":0,"name":"Shaded","section":"Shading Mode"},"sceneLighting":true,"audioPlay":false,"sceneViewState":{"showFog":true,"showMaterialUpdate":true,"showSkybox":true,"showFlares":true,"showImageEffects":true,"showParticleSystems":true},"in2DMode":false,"pivot":{"x":33.900001525878909,"y":1.25,"z":1.4000000953674317},"rotation":{"x":0.289689838886261,"y":0.07741878926753998,"z":-0.023516139015555383,"w":0.9536960124969482},"size":7.090928077697754,"orthographic":true}