{"cameraMode":{"drawMode":0,"name":"Shaded","section":"Shading Mode"},"sceneLighting":true,"audioPlay":false,"sceneViewState":{"showFog":true,"showMaterialUpdate":true,"showSkybox":true,"showFlares":true,"showImageEffects":true,"showParticleSystems":true},"in2DMode":false,"pivot":{"x":-2.0,"y":11.84000015258789,"z":6.850000381469727},"rotation":{"x":-0.012207619845867157,"y":0.8134682774543762,"z":0.017085377126932145,"w":0.5812313556671143},"size":20.00518798828125,"orthographic":false}