{"cameraMode":{"drawMode":0,"name":"Shaded","section":"Shading Mode"},"sceneLighting":true,"audioPlay":false,"sceneViewState":{"showFog":true,"showMaterialUpdate":false,"showSkybox":true,"showFlares":true,"showImageEffects":true,"showParticleSystems":true},"in2DMode":false,"pivot":{"x":-1.8876677751541138,"y":-0.24349182844161988,"z":6.406218528747559},"rotation":{"x":0.21763601899147035,"y":-0.10954254865646362,"z":0.024589156731963159,"w":0.9695562124252319},"size":22.096242904663087,"orthographic":false}