{"cameraMode":{"drawMode":0,"name":"Shaded","section":"Shading Mode"},"sceneLighting":true,"audioPlay":false,"sceneViewState":{"showFog":true,"showMaterialUpdate":true,"showSkybox":true,"showFlares":true,"showImageEffects":true,"showParticleSystems":true},"in2DMode":false,"pivot":{"x":7.700512886047363,"y":0.3596385717391968,"z":8.138910293579102},"rotation":{"x":-0.0005022356635890901,"y":-0.9991075992584229,"z":0.041384775191545489,"w":-0.011692192405462265},"size":9.965642929077149,"orthographic":false}