{"cameraMode":{"drawMode":0,"name":"Shaded","section":"Shading Mode"},"sceneLighting":true,"audioPlay":false,"sceneViewState":{"showFog":true,"showMaterialUpdate":true,"showSkybox":true,"showFlares":true,"showImageEffects":true,"showParticleSystems":true},"in2DMode":false,"pivot":{"x":-208.85006713867188,"y":-261.6143798828125,"z":-91.09249877929688},"rotation":{"x":0.03886790573596954,"y":0.9589222073554993,"z":-0.16263240575790406,"w":0.22919555008411408},"size":30.446807861328126,"orthographic":false}