{"cameraMode":{"drawMode":0,"name":"Shaded","section":"Shading Mode"},"sceneLighting":true,"audioPlay":false,"sceneViewState":{"showFog":true,"showMaterialUpdate":true,"showSkybox":true,"showFlares":true,"showImageEffects":true,"showParticleSystems":true},"in2DMode":false,"pivot":{"x":-8.306266784667969,"y":-1.2247098684310914,"z":-11.768068313598633},"rotation":{"x":-0.44089338183403017,"y":-0.3851163685321808,"z":0.2173936814069748,"w":-0.7810503244400024},"size":81.38372802734375,"orthographic":true}