{"cameraMode":{"drawMode":0,"name":"Shaded","section":"Shading Mode"},"sceneLighting":true,"audioPlay":false,"sceneViewState":{"showFog":true,"showMaterialUpdate":true,"showSkybox":true,"showFlares":true,"showImageEffects":true,"showParticleSystems":true},"in2DMode":false,"pivot":{"x":16.028255462646486,"y":0.20472049713134767,"z":-4.656581878662109},"rotation":{"x":0.010447542183101178,"y":-0.9895240068435669,"z":0.10668545216321945,"w":0.09708569943904877},"size":30.712034225463868,"orthographic":false}