{"cameraMode":{"drawMode":0,"name":"Shaded","section":"Shading Mode"},"sceneLighting":true,"audioPlay":false,"sceneViewState":{"showFog":true,"showMaterialUpdate":false,"showSkybox":true,"showFlares":true,"showImageEffects":true,"showParticleSystems":true},"in2DMode":false,"pivot":{"x":9.951347351074219,"y":-60.87352752685547,"z":-53.24931335449219},"rotation":{"x":0.15192563831806184,"y":-0.8245118856430054,"z":0.47791528701782229,"w":0.2621076703071594},"size":300.4153137207031,"orthographic":false}