{"cameraMode":{"drawMode":0,"name":"Shaded","section":"Shading Mode"},"sceneLighting":true,"audioPlay":false,"sceneViewState":{"showFog":true,"showMaterialUpdate":true,"showSkybox":true,"showFlares":true,"showImageEffects":true,"showParticleSystems":true},"in2DMode":false,"pivot":{"x":24.03813934326172,"y":-0.34462523460388186,"z":-7.280649185180664},"rotation":{"x":0.0017815415048971773,"y":-0.9941356182098389,"z":0.10718107223510742,"w":0.016703492030501367},"size":78.09925079345703,"orthographic":false}