{"cameraMode":{"drawMode":0,"name":"Shaded","section":"Shading Mode"},"sceneLighting":true,"audioPlay":false,"sceneViewState":{"showFog":true,"showMaterialUpdate":true,"showSkybox":true,"showFlares":true,"showImageEffects":true,"showParticleSystems":true},"in2DMode":false,"pivot":{"x":-7.9417948722839359,"y":4.459651470184326,"z":4.974115371704102},"rotation":{"x":-0.01401219330728054,"y":-0.9848750233650208,"z":0.14371417462825776,"w":-0.09603617340326309},"size":23.181827545166017,"orthographic":false}