{"cameraMode":{"drawMode":0,"name":"Shaded","section":"Shading Mode"},"sceneLighting":true,"audioPlay":false,"sceneViewState":{"showFog":true,"showMaterialUpdate":true,"showSkybox":true,"showFlares":true,"showImageEffects":true,"showParticleSystems":true},"in2DMode":false,"pivot":{"x":-212.41650390625,"y":-262.4465026855469,"z":-106.16940307617188},"rotation":{"x":-0.006631048396229744,"y":-0.9924668073654175,"z":0.10549435764551163,"w":-0.0623122937977314},"size":34.43174362182617,"orthographic":false}