{"cameraMode":{"drawMode":0,"name":"Shaded","section":"Shading Mode"},"sceneLighting":true,"audioPlay":false,"sceneViewState":{"showFog":true,"showMaterialUpdate":true,"showSkybox":true,"showFlares":true,"showImageEffects":true,"showParticleSystems":true},"in2DMode":false,"pivot":{"x":6.835859298706055,"y":18.803396224975587,"z":0.4036756157875061},"rotation":{"x":0.005257678683847189,"y":-0.9937402606010437,"z":0.09870433807373047,"w":0.05311468988656998},"size":8.657809257507325,"orthographic":false}