{"cameraMode":{"drawMode":0,"name":"Shaded","section":"Shading Mode"},"sceneLighting":true,"audioPlay":false,"sceneViewState":{"showFog":true,"showMaterialUpdate":false,"showSkybox":true,"showFlares":true,"showImageEffects":true,"showParticleSystems":true},"in2DMode":false,"pivot":{"x":6.749055862426758,"y":18.141199111938478,"z":3.618004322052002},"rotation":{"x":0.07643933594226837,"y":0.12322307378053665,"z":-0.00957602821290493,"w":0.989452064037323},"size":1.5161354541778565,"orthographic":false}