{"cameraMode":{"drawMode":0,"name":"Shaded","section":"Shading Mode"},"sceneLighting":true,"audioPlay":false,"sceneViewState":{"showFog":true,"showMaterialUpdate":true,"showSkybox":true,"showFlares":true,"showImageEffects":true,"showParticleSystems":true},"in2DMode":false,"pivot":{"x":-4.238951206207275,"y":5.526880741119385,"z":-16.212623596191408},"rotation":{"x":0.23882956802845,"y":-0.7555360198020935,"z":0.4810836613178253,"w":0.37507864832878115},"size":121.76986694335938,"orthographic":true}