{"cameraMode":{"drawMode":0,"name":"Shaded","section":"Shading Mode"},"sceneLighting":true,"audioPlay":false,"sceneViewState":{"showFog":true,"showMaterialUpdate":true,"showSkybox":true,"showFlares":true,"showImageEffects":true,"showParticleSystems":true},"in2DMode":false,"pivot":{"x":11.567325592041016,"y":1.6607837677001954,"z":-7.740345001220703},"rotation":{"x":-0.24820680916309358,"y":-0.7361182570457459,"z":0.34825798869132998,"w":-0.5246368646621704},"size":28.649723052978517,"orthographic":false}