{"cameraMode":{"drawMode":0,"name":"Shaded","section":"Shading Mode"},"sceneLighting":true,"audioPlay":false,"sceneViewState":{"showFog":true,"showMaterialUpdate":true,"showSkybox":true,"showFlares":true,"showImageEffects":true,"showParticleSystems":true},"in2DMode":false,"pivot":{"x":-24.399999618530275,"y":2.3499999046325685,"z":-61.19999694824219},"rotation":{"x":-0.05944651737809181,"y":-0.918077826499939,"z":0.36170822381973269,"w":-0.15088564157485963},"size":5.775506973266602,"orthographic":false}