{"cameraMode":{"drawMode":0,"name":"Shaded","section":"Shading Mode"},"sceneLighting":true,"audioPlay":false,"sceneViewState":{"showFog":true,"showMaterialUpdate":true,"showSkybox":true,"showFlares":true,"showImageEffects":true,"showParticleSystems":true},"in2DMode":false,"pivot":{"x":-8.306266784667969,"y":-1.2247098684310914,"z":-11.768068313598633},"rotation":{"x":-0.4281109571456909,"y":-0.31852537393569949,"z":0.16437247395515443,"w":-0.8296056389808655},"size":81.38372802734375,"orthographic":true}