{"cameraMode":{"drawMode":0,"name":"Shaded","section":"Shading Mode"},"sceneLighting":true,"audioPlay":false,"sceneViewState":{"showFog":true,"showMaterialUpdate":true,"showSkybox":true,"showFlares":true,"showImageEffects":true,"showParticleSystems":true},"in2DMode":false,"pivot":{"x":6.835859298706055,"y":18.803396224975587,"z":0.4036756157875061},"rotation":{"x":0.012753530405461789,"y":-0.9870813488960266,"z":0.1025317832827568,"w":0.12292762100696564},"size":6.539807319641113,"orthographic":false}