{"cameraMode":{"drawMode":0,"name":"Shaded","section":"Shading Mode"},"sceneLighting":true,"audioPlay":false,"sceneViewState":{"showFog":true,"showMaterialUpdate":false,"showSkybox":true,"showFlares":true,"showImageEffects":true,"showParticleSystems":true},"in2DMode":false,"pivot":{"x":6.425192832946777,"y":18.459800720214845,"z":3.082350969314575},"rotation":{"x":-0.06384437531232834,"y":0.015876514837145807,"z":0.0009635424939915538,"w":0.9978829622268677},"size":1.2161355018615723,"orthographic":false}