{"cameraMode":{"drawMode":0,"name":"Shaded","section":"Shading Mode"},"sceneLighting":true,"audioPlay":false,"sceneViewState":{"showFog":true,"showMaterialUpdate":false,"showSkybox":true,"showFlares":true,"showImageEffects":true,"showParticleSystems":true},"in2DMode":false,"pivot":{"x":3.0550003051757814,"y":9.218649864196778,"z":-5.899997711181641},"rotation":{"x":-0.03087206743657589,"y":0.916066586971283,"z":-0.39337679743766787,"w":-0.07187072932720185},"size":22657.04296875,"orthographic":false}