{"cameraMode":{"drawMode":0,"name":"Shaded","section":"Shading Mode"},"sceneLighting":true,"audioPlay":false,"sceneViewState":{"showFog":true,"showMaterialUpdate":true,"showSkybox":true,"showFlares":true,"showImageEffects":true,"showParticleSystems":true},"in2DMode":false,"pivot":{"x":7.815313339233398,"y":1.6599998474121094,"z":13.610506057739258},"rotation":{"x":-0.032563094049692157,"y":-0.7040463089942932,"z":0.032325778156518939,"w":-0.7087138295173645},"size":6.307592391967773,"orthographic":false}