{"cameraMode":{"drawMode":0,"name":"Shaded","section":"Shading Mode"},"sceneLighting":true,"audioPlay":false,"sceneViewState":{"showFog":true,"showMaterialUpdate":true,"showSkybox":true,"showFlares":true,"showImageEffects":true,"showParticleSystems":true},"in2DMode":false,"pivot":{"x":5.105595588684082,"y":8.616606712341309,"z":10.367653846740723},"rotation":{"x":0.0007868887041695416,"y":-0.9865312576293945,"z":0.16366124153137208,"w":0.004731621127575636},"size":14.987751007080079,"orthographic":false}