{"cameraMode":{"drawMode":0,"name":"Shaded","section":"Shading Mode"},"sceneLighting":true,"audioPlay":false,"sceneViewState":{"showFog":true,"showMaterialUpdate":true,"showSkybox":true,"showFlares":true,"showImageEffects":true,"showParticleSystems":true},"in2DMode":false,"pivot":{"x":-194.59115600585938,"y":-259.79156494140627,"z":-79.13790130615235},"rotation":{"x":0.020971184596419336,"y":0.9787631630897522,"z":-0.15544255077838899,"w":0.1320560723543167},"size":48.05224609375,"orthographic":false}