{"cameraMode":{"drawMode":0,"name":"Shaded","section":"Shading Mode"},"sceneLighting":true,"audioPlay":false,"sceneViewState":{"showFog":true,"showMaterialUpdate":true,"showSkybox":true,"showFlares":true,"showImageEffects":true,"showParticleSystems":true},"in2DMode":false,"pivot":{"x":-202.93934631347657,"y":-265.2415771484375,"z":-102.94051361083985},"rotation":{"x":-0.006765786558389664,"y":-0.989294707775116,"z":0.13739603757858277,"w":-0.04871634021401405},"size":8.666584014892579,"orthographic":false}