{"cameraMode":{"drawMode":0,"name":"Shaded","section":"Shading Mode"},"sceneLighting":true,"audioPlay":false,"sceneViewState":{"showFog":true,"showMaterialUpdate":true,"showSkybox":true,"showFlares":true,"showImageEffects":true,"showParticleSystems":true},"in2DMode":false,"pivot":{"x":-208.2813262939453,"y":-255.0216827392578,"z":-87.59901428222656},"rotation":{"x":0.028597062453627588,"y":0.9689697623252869,"z":-0.20500977337360383,"w":0.1351781040430069},"size":22.29637908935547,"orthographic":false}