{"cameraMode":{"drawMode":0,"name":"Shaded","section":"Shading Mode"},"sceneLighting":true,"audioPlay":false,"sceneViewState":{"showFog":true,"showMaterialUpdate":true,"showSkybox":true,"showFlares":true,"showImageEffects":true,"showParticleSystems":true},"in2DMode":false,"pivot":{"x":6.422348976135254,"y":20.303672790527345,"z":0.29094409942626955},"rotation":{"x":0.0005971394130028784,"y":-0.9994127154350281,"z":0.023388847708702089,"w":0.025786947458982469},"size":8.39245319366455,"orthographic":false}